AMAZONAS;LETICIA
AMAZONAS;PUERTO NARIÑO
ANTIOQUIA;ABEJORRAL
ANTIOQUIA;ABRIAQUI
ANTIOQUIA;ALEJANDRIA
ANTIOQUIA;AMAGA
ANTIOQUIA;AMALFI
ANTIOQUIA;ANDES
ANTIOQUIA;ANGELOPOLIS
ANTIOQUIA;ANGOSTURA
ANTIOQUIA;ANORI
ANTIOQUIA;ANTIOQUIA
ANTIOQUIA;ANZA
ANTIOQUIA;APARTADO
ANTIOQUIA;ARBOLETES
ANTIOQUIA;ARGELIA
ANTIOQUIA;ARMENIA
ANTIOQUIA;BARBOSA
ANTIOQUIA;BELLO
ANTIOQUIA;BELMIRA
ANTIOQUIA;BETANIA
ANTIOQUIA;BETULIA
ANTIOQUIA;BRICEÑO
ANTIOQUIA;BURITICA
ANTIOQUIA;CACERES
ANTIOQUIA;CAICEDO
ANTIOQUIA;CALDAS
ANTIOQUIA;CAMPAMENTO
ANTIOQUIA;CAÑASGORDAS
ANTIOQUIA;CARACOLI
ANTIOQUIA;CARAMANTA
ANTIOQUIA;CARMEN DE VIBORAL
ANTIOQUIA;CAROLINA
ANTIOQUIA;CAUCASIA
ANTIOQUIA;CHIGORODO
ANTIOQUIA;CISNEROS
ANTIOQUIA;CIUDAD BOLIVAR
ANTIOQUIA;COCORNA
ANTIOQUIA;CONCEPCION
ANTIOQUIA;CONCORDIA
ANTIOQUIA;COPACABANA
ANTIOQUIA;DABEIBA
ANTIOQUIA;DON MATIAS
ANTIOQUIA;EBEJICO
ANTIOQUIA;EL BAGRE
ANTIOQUIA;EL JORDAN
ANTIOQUIA;ENTRERRIOS
ANTIOQUIA;ENVIGADO
ANTIOQUIA;FREDONIA
ANTIOQUIA;FRONTINO
ANTIOQUIA;GIRALDO
ANTIOQUIA;GIRARDOTA
ANTIOQUIA;GOMEZ PLATA
ANTIOQUIA;GRANADA
ANTIOQUIA;GUADALUPE
ANTIOQUIA;GUARNE
ANTIOQUIA;GUATAPE
ANTIOQUIA;HELICONIA
ANTIOQUIA;HISPANIA
ANTIOQUIA;ITAGUI
ANTIOQUIA;ITUANGO
ANTIOQUIA;JARDIN
ANTIOQUIA;JERICO
ANTIOQUIA;LA CEJA
ANTIOQUIA;LA ESTRELLA
ANTIOQUIA;LA PINTADA
ANTIOQUIA;LA UNION
ANTIOQUIA;LIBORINA
ANTIOQUIA;MACEO
ANTIOQUIA;MARINILLA
ANTIOQUIA;MEDELLIN
ANTIOQUIA;MONTEBELLO
ANTIOQUIA;MURINDO
ANTIOQUIA;MUTATA
ANTIOQUIA;NARIÑO
ANTIOQUIA;NECHI
ANTIOQUIA;NECOCLI
ANTIOQUIA;OLAYA
ANTIOQUIA;PEÑOL
ANTIOQUIA;PEQUE
ANTIOQUIA;PUEBLO RICO
ANTIOQUIA;PUERTO BERRIO
ANTIOQUIA;PUERTO NARE
ANTIOQUIA;PUERTO TRIUNFO
ANTIOQUIA;REMEDIOS
ANTIOQUIA;RETIRO
ANTIOQUIA;RIONEGRO
ANTIOQUIA;SABANALARGA
ANTIOQUIA;SABANETA
ANTIOQUIA;SALGAR
ANTIOQUIA;SAN ANDRES
ANTIOQUIA;SAN CARLOS
ANTIOQUIA;SAN FRANCISCO
ANTIOQUIA;SAN JERONIMO
ANTIOQUIA;SAN JOSE DE LA MONTAÑA
ANTIOQUIA;SAN JUAN DE URABA
ANTIOQUIA;SAN LUIS
ANTIOQUIA;SAN PEDRO
ANTIOQUIA;SAN PEDRO DE URABA
ANTIOQUIA;SAN RAFAEL
ANTIOQUIA;SAN ROQUE
ANTIOQUIA;SAN VICENTE
ANTIOQUIA;SANTA BARBARA
ANTIOQUIA;SANTA ROSA DE OSOS
ANTIOQUIA;SANTIAGO
ANTIOQUIA;SANTO DOMINGO
ANTIOQUIA;SANTUARIO
ANTIOQUIA;SEGOVIA
ANTIOQUIA;SONSON
ANTIOQUIA;SOPETRAN
ANTIOQUIA;TAMESIS
ANTIOQUIA;TARAZA
ANTIOQUIA;TARSO
ANTIOQUIA;TITIRIBI
ANTIOQUIA;TOLEDO
ANTIOQUIA;TURBO
ANTIOQUIA;URAMITA
ANTIOQUIA;URRAO
ANTIOQUIA;VALDIVIA
ANTIOQUIA;VALPARAISO
ANTIOQUIA;VEGACHI
ANTIOQUIA;VENECIA
ANTIOQUIA;VIGIA DEL FUERTE
ANTIOQUIA;YALI
ANTIOQUIA;YARUMAL
ANTIOQUIA;YOLOMBO
ANTIOQUIA;YONDO
ANTIOQUIA;ZARAGOZA
ARAUCA;ARAUCA
ARAUCA;ARAUQUITA
ARAUCA;CRAVO NORTE
ARAUCA;FORTUL
ARAUCA;PUERTO RONDON
ARAUCA;SARAVENA
ARAUCA;TAME
ARCHIPIELAGO SAN ANDRES Y PROV;PROVIDENCIA
ARCHIPIELAGO SAN ANDRES Y PROV;SAN ANDRES
ATLANTICO;BARANOA
ATLANTICO;BARRANQUILLA
ATLANTICO;CAMPO DE LA CRUZ
ATLANTICO;CANDELARIA
ATLANTICO;GALAPA
ATLANTICO;JUAN DE ACOSTA
ATLANTICO;LUNUACO
ATLANTICO;MALAMBO
ATLANTICO;MANATI
ATLANTICO;PALMAR DE VARELA
ATLANTICO;PIOJO
ATLANTICO;POLONUEVO
ATLANTICO;PONEDERA
ATLANTICO;PUERTO COLOMBIA
ATLANTICO;REPELON
ATLANTICO;SABANAGRANDE
ATLANTICO;SABANALARGA
ATLANTICO;SANTA LUCIA
ATLANTICO;SANTO TOMAS
ATLANTICO;SOLEDAD
ATLANTICO;SUAN
ATLANTICO;TUBARA
ATLANTICO;USIACURI
BOLIVAR;ACHI
BOLIVAR;ARJONA
BOLIVAR;BARRANCO DE LOBA
BOLIVAR;CALAMAR
BOLIVAR;CARTAGENA
BOLIVAR;CORDOBA
BOLIVAR;EL CARMEN DE BOLIVAR
BOLIVAR;EL GUAMO
BOLIVAR;MAGANGUE
BOLIVAR;MAHATES
BOLIVAR;MARGARITA
BOLIVAR;MARIA LA BAJA
BOLIVAR;MOMPOS
BOLIVAR;MORALES
BOLIVAR;PINILLOS
BOLIVAR;RIO VIEJO
BOLIVAR;SAN ESTANISLAO
BOLIVAR;SAN FERNANDO
BOLIVAR;SAN JACINTO
BOLIVAR;SAN JUAN NEPOMUCENO
BOLIVAR;SAN MARTIN DE LOBA
BOLIVAR;SAN PABLO
BOLIVAR;SANTA CATALINA
BOLIVAR;SANTA ROSA
BOLIVAR;SANTA ROSA DEL SUR
BOLIVAR;SIMITI
BOLIVAR;SOPLAVIENTO
BOLIVAR;TALAIGUA NUEVO
BOLIVAR;TURBACO
BOLIVAR;TURBANA
BOLIVAR;VILLANUEVA
BOLIVAR;ZAMBRANO
BOYACA;ALMEIDA
BOYACA;AQUITANA
BOYACA;ARCABUCO
BOYACA;BELEN
BOYACA;BERBEO
BOYACA;BETEITIVA
BOYACA;BOAVITA
BOYACA;BOYACA
BOYACA;BRICEÑO
BOYACA;BUENAVISTA
BOYACA;BUSBANZA
BOYACA;CALDAS
BOYACA;CAMPOHERMOSO
BOYACA;CERINZA
BOYACA;CHINAVITA
BOYACA;CHIQUINQUIRA
BOYACA;CHIQUIZA
BOYACA;CHISCAS
BOYACA;CHITA
BOYACA;CHITARAQUE
BOYACA;CHIVATA
BOYACA;CHIVOR
BOYACA;CIENAGA
BOYACA;COMBITA
BOYACA;COPER
BOYACA;CORRALES
BOYACA;COVARACHIA
BOYACA;CUBARA
BOYACA;CUCAITA
BOYACA;CUITIVA
BOYACA;DUITAMA
BOYACA;EL COCUY
BOYACA;EL ESPINO
BOYACA;FIRAVITOVA
BOYACA;FLORESTA
BOYACA;GACHANTIVA
BOYACA;GAMEZA
BOYACA;GARAGOA
BOYACA;GUACAMAYAS
BOYACA;GUATEQUE
BOYACA;GUAYATA
BOYACA;GUICAN
BOYACA;IZA
BOYACA;JENESANO
BOYACA;JERICO
BOYACA;LA  VICTORIA
BOYACA;LA CAPILLA
BOYACA;LA UVITA
BOYACA;LABRANZAGRANDE
BOYACA;MACANAL
BOYACA;MARIPI
BOYACA;MIRAFLORES
BOYACA;MONGUA
BOYACA;MONGUI
BOYACA;MONIQUIRA
BOYACA;MOTAVITA
BOYACA;MUZO
BOYACA;NOBSA
BOYACA;NUEVO COLON
BOYACA;OICATA
BOYACA;OTANCHE
BOYACA;PACHAVITA
BOYACA;PAEZ
BOYACA;PAIPA
BOYACA;PAJANITO
BOYACA;PANQUEBA
BOYACA;PAUNA
BOYACA;PAYA
BOYACA;PAZ DEL RIO
BOYACA;PESCA
BOYACA;PISBA
BOYACA;PUERTO BOYACA
BOYACA;QUIPAMA
BOYACA;RAMIRIQUI
BOYACA;RAQUIRA
BOYACA;RONDON
BOYACA;SABOYA
BOYACA;SACHICA
BOYACA;SAMACA
BOYACA;SAN EDUARDO
BOYACA;SAN JOSE DE PARE
BOYACA;SAN LUIS DE GACENO
BOYACA;SAN MATEO
BOYACA;SAN MIGUEL DE SERNA
BOYACA;SAN PABLO DE BORBUR
BOYACA;SANTA MARIA
BOYACA;SANTA ROSA DE VITERBO
BOYACA;SANTA SOFIA
BOYACA;SANTANA
BOYACA;SATIVANORTE
BOYACA;SATIVASUR
BOYACA;SIACHOQUE
BOYACA;SOATA
BOYACA;SOCHA
BOYACA;SOCOTA
BOYACA;SOGAMOSO
BOYACA;SOMONDOCO
BOYACA;SORA
BOYACA;SORACA
BOYACA;SOTAQUIRA
BOYACA;SUSACON
BOYACA;SUTAMARCHAN
BOYACA;SUTATENZA
BOYACA;TASCO
BOYACA;TENZA
BOYACA;TIBANA
BOYACA;TIBASOSA
BOYACA;TINJACA
BOYACA;TIPACOQUE
BOYACA;TOCA
BOYACA;TOGUI
BOYACA;TOPAGA
BOYACA;TOTA
BOYACA;TUMEQUE
BOYACA;TUNJA
BOYACA;TUNUNGUA
BOYACA;TUTA
BOYACA;TUTASA
BOYACA;UMBITA
BOYACA;VENTAQUEMADA
BOYACA;VILLA DE LEYVA
BOYACA;VIRACACHA
BOYACA;ZETAQUIRA
CALDAS;AGUADAS
CALDAS;ANSERMA
CALDAS;ARANZAZU
CALDAS;BELALCAZAR
CALDAS;CHINCHINA
CALDAS;FILADELFIA
CALDAS;LA DORADA
CALDAS;LA MERCED
CALDAS;MANIZALES
CALDAS;MANZANARES
CALDAS;MARMATO
CALDAS;MARQUETALIA
CALDAS;MARULANDA
CALDAS;NEIRA
CALDAS;PACORA
CALDAS;PALESTINA
CALDAS;PENSILVANIA
CALDAS;RIOSUCIO
CALDAS;RISARALDA
CALDAS;SALAMINA
CALDAS;SAMANA
CALDAS;SUPIA
CALDAS;VICTORIA
CALDAS;VILLAMARIA
CALDAS;VITERBO
CAQUETA;ALBANIA
CAQUETA;BELEN DE LOS ANDAQUIES
CAQUETA;CARTAGENA DEL CHAIRA
CAQUETA;CUNILLO
CAQUETA;EL DONCELLO
CAQUETA;EL PAUJIL
CAQUETA;FLORENCIA
CAQUETA;LA MONTAÑITA
CAQUETA;MILAN
CAQUETA;MORELIA
CAQUETA;PUERTO RICO
CAQUETA;SAN JOSE DE LA FRAGUA
CAQUETA;SAN VICENTE DEL CAGUAN
CAQUETA;SOLANO
CAQUETA;SOLITA
CAQUETA;VALPARAISO
CASANARE;AGUAZUL
CASANARE;CHAMEZA
CASANARE;HATO COROZAL
CASANARE;LA SALINA
CASANARE;MANI
CASANARE;MONTERREY
CASANARE;NUNCHIA
CASANARE;OROCUE
CASANARE;PAZ DE ARIPORO
CASANARE;PORE
CASANARE;RECETOR
CASANARE;SABANALARGA
CASANARE;SACAMA
CASANARE;SAN LUIS DE PALENQUE
CASANARE;TAMARA
CASANARE;TAURAMENA
CASANARE;TRINIDAD
CASANARE;VILLANUEVA
CASANARE;YOPAL
CAUCA;ALMAGUER
CAUCA;ARGELIA
CAUCA;BALBOA
CAUCA;BOLIVAR
CAUCA;BUENOS AIRES
CAUCA;CAJIBIO
CAUCA;CALDONO
CAUCA;CALOTO
CAUCA;CORINTO
CAUCA;EL TAMBO
CAUCA;FLORENCIA
CAUCA;GUAPI
CAUCA;INZA
CAUCA;JAMBALO
CAUCA;LA SIERRA
CAUCA;LA VEGA
CAUCA;LOPEZ (MICAY)
CAUCA;MERCADERES
CAUCA;MIRANDA
CAUCA;MORALES
CAUCA;PADILLA
CAUCA;PAEZ (BELALCAZAR)
CAUCA;PATIA (EL BORDO)
CAUCA;PIENDAMO
CAUCA;POPAYAN
CAUCA;PUERTO TEJADA
CAUCA;PURACE
CAUCA;ROSAS
CAUCA;SAN SEBASTIAN
CAUCA;SANTA ROSA
CAUCA;SANTANDER DE QUILICHAO
CAUCA;SILVIA
CAUCA;SOTARA (PISPAMBA)
CAUCA;SUAREZ
CAUCA;TIMBIO
CAUCA;TIMBIQUI
CAUCA;TIRIBIO
CAUCA;TOTORO
CESAR;AGUACHICA
CESAR;AGUSTIN CODAZZI
CESAR;ASTREA
CESAR;BECEMIL
CESAR;BOSCONIA
CESAR;CHIGUANA
CESAR;CHIMICHAGUA
CESAR;CURUMANI
CESAR;EL COPEY
CESAR;EL PASO
CESAR;GAMARRA
CESAR;GONZALES
CESAR;LA GLORIA
CESAR;LA JAGUA DE IBIRICO
CESAR;LA PAZ
CESAR;MANAURE (BALCON CESAR)
CESAR;PAILITAS
CESAR;PELAYA
CESAR;RIO DE ORO
CESAR;SAN ALBERTO
CESAR;SAN DIEGO
CESAR;SAN MARTIN
CESAR;TAMALAMEQUE
CESAR;VALLEDUPAR
CHOCO;ACANDI
CHOCO;ALTO BAUDO
CHOCO;BAGADO
CHOCO;BAHIA SOLANO
CHOCO;BAJO BAUDO
CHOCO;BOJAYA
CHOCO;CONDOTO
CHOCO;EL CARMEN DE ATRATO
CHOCO;ISTMINA
CHOCO;JURADO
CHOCO;LITORAL DE SAN JUAN
CHOCO;LLORO
CHOCO;NOVITA
CHOCO;NUQUI
CHOCO;QUIBDO
CHOCO;RIOSUCIO
CHOCO;SAN JOSE DE PALMAR
CHOCO;SIPI
CHOCO;TADO
CHOCO;UNGUIA
CORDOVA;AYAPEL
CORDOVA;BUENAVISTA
CORDOVA;CANALETE
CORDOVA;CERETE
CORDOVA;CHIMA
CORDOVA;CHINU
CORDOVA;CIENAGA DE ORO
CORDOVA;LORICA
CORDOVA;LOS CORDOBAS
CORDOVA;MOMIL
CORDOVA;MOÑITOS
CORDOVA;MONTELIBANO
CORDOVA;MONTERIA
CORDOVA;PLANETA RICA
CORDOVA;PUEBLO NUEVO
CORDOVA;PUERTO ESCONDIDO
CORDOVA;PUERTO LIBERTADOR
CORDOVA;PURISIMA
CORDOVA;SAHAGUN
CORDOVA;SAN ANDRES DE SOTAVENTO
CORDOVA;SAN ANTERO
CORDOVA;SAN BERNARDO DEL VIENTO
CORDOVA;SAN CARLOS
CORDOVA;SAN PELAYO
CORDOVA;TIERRALTA
CORDOVA;VALENCIA
CUNDINAMARCA;AGUA DE DIOS
CUNDINAMARCA;ALBAN
CUNDINAMARCA;ANAPOIMA
CUNDINAMARCA;ANOLAIMA
CUNDINAMARCA;APULO (RAFAEL REYES)
CUNDINAMARCA;ARBELAEZ
CUNDINAMARCA;BELTRAN
CUNDINAMARCA;BITUIMA
CUNDINAMARCA;BOJACA
CUNDINAMARCA;CABRERA
CUNDINAMARCA;CACHIPAY
CUNDINAMARCA;CAJICA
CUNDINAMARCA;CAPARRAPI
CUNDINAMARCA;CAQUEZA
CUNDINAMARCA;CARMEN DE CARUPA
CUNDINAMARCA;CHAGUANI
CUNDINAMARCA;CHIA
CUNDINAMARCA;CHIPAQUE
CUNDINAMARCA;CHOACHI
CUNDINAMARCA;CHOCONTA
CUNDINAMARCA;COGUA
CUNDINAMARCA;COTA
CUNDINAMARCA;CUCUNUBA
CUNDINAMARCA;EL COLEGIO
CUNDINAMARCA;EL PEÑON
CUNDINAMARCA;FACACATIVA
CUNDINAMARCA;FOMEQUE
CUNDINAMARCA;FOSCA
CUNDINAMARCA;FUNZA
CUNDINAMARCA;FUQUENE
CUNDINAMARCA;FUSAGASUGA
CUNDINAMARCA;GACHALA
CUNDINAMARCA;GACHANCIPA
CUNDINAMARCA;GACHETA
CUNDINAMARCA;GAMA
CUNDINAMARCA;GIRARDOT
CUNDINAMARCA;GUACHETA
CUNDINAMARCA;GUADUAS
CUNDINAMARCA;GUASCA
CUNDINAMARCA;GUATAQUI
CUNDINAMARCA;GUATAVITA
CUNDINAMARCA;GUAYABAL DE SIQUIMA
CUNDINAMARCA;GUAYABETAL
CUNDINAMARCA;GUTIERREZ
CUNDINAMARCA;JERUSALEN
CUNDINAMARCA;JUNIN
CUNDINAMARCA;LA CALERA
CUNDINAMARCA;LA MESA
CUNDINAMARCA;LA PALMA
CUNDINAMARCA;LA PEÑA
CUNDINAMARCA;LA VEGA
CUNDINAMARCA;LENGUAZAQUE
CUNDINAMARCA;MACHETA
CUNDINAMARCA;MADRID
CUNDINAMARCA;MANTA
CUNDINAMARCA;MEDINA
CUNDINAMARCA;MOSQUERA
CUNDINAMARCA;NARIÑO
CUNDINAMARCA;NEMOCON
CUNDINAMARCA;NILO
CUNDINAMARCA;NINAIMA
CUNDINAMARCA;NOCAIMA
CUNDINAMARCA;PACHO
CUNDINAMARCA;PAIME
CUNDINAMARCA;PANDI
CUNDINAMARCA;PARATEBUENO
CUNDINAMARCA;PASCA
CUNDINAMARCA;PUERTO SALGAR
CUNDINAMARCA;PULI
CUNDINAMARCA;QUEBRADAGRANDE
CUNDINAMARCA;QUETAME
CUNDINAMARCA;QUIPILE
CUNDINAMARCA;RICAURTE
CUNDINAMARCA;SAN ANTONIO DEL TEQUENDAM
CUNDINAMARCA;SAN BERNARDO
CUNDINAMARCA;SAN CAYETANO
CUNDINAMARCA;SAN FRANCISCO
CUNDINAMARCA;SAN JUAN DE RIOSECO
CUNDINAMARCA;SANTA FE DE BOGOTA D.C.
CUNDINAMARCA;SASAIMA
CUNDINAMARCA;SESQUILE
CUNDINAMARCA;SIBATE
CUNDINAMARCA;SILVANIA
CUNDINAMARCA;SIMIJACA
CUNDINAMARCA;SOACHA
CUNDINAMARCA;SOPO
CUNDINAMARCA;SUBACHOQUE
CUNDINAMARCA;SUESCA
CUNDINAMARCA;SUPATA
CUNDINAMARCA;SUSA
CUNDINAMARCA;SUTATAUSA
CUNDINAMARCA;TABIO
CUNDINAMARCA;TAUSA
CUNDINAMARCA;TENA
CUNDINAMARCA;TENJO
CUNDINAMARCA;TIBACUY
CUNDINAMARCA;TIBIRITA
CUNDINAMARCA;TOCAIMA
CUNDINAMARCA;TOCANCIPA
CUNDINAMARCA;TOPAIPI
CUNDINAMARCA;UBALA
CUNDINAMARCA;UBAQUE
CUNDINAMARCA;UBATE
CUNDINAMARCA;UNE
CUNDINAMARCA;UTICA
CUNDINAMARCA;VENECIA
CUNDINAMARCA;VERGARA
CUNDINAMARCA;VIANI
CUNDINAMARCA;VILLAGOMEZ
CUNDINAMARCA;VILLAPINZON
CUNDINAMARCA;VILLETA
CUNDINAMARCA;VIOTA
CUNDINAMARCA;YACOPI
CUNDINAMARCA;ZIPACON
CUNDINAMARCA;ZIPAQUIRA
GUAINIA;GUAVIARE
GUAINIA;PUERTO INIRIDA
GUAVIARE;CALAMAR
GUAVIARE;EL RETORNO
GUAVIARE;MIRAFLORES
GUAVIARE;SAN JOSE DEL GUAVIARE
HUILA;ACEVEDO
HUILA;AGRADO
HUILA;AIPE
HUILA;ALGECIRAS
HUILA;ALTAMIRA
HUILA;BARAYA
HUILA;CAMPOALEGRE
HUILA;COLOMBIA
HUILA;ELIAS
HUILA;GARZON
HUILA;GIGANTE
HUILA;GUADALUPE
HUILA;HOBO
HUILA;IQUIRA
HUILA;ISNOS
HUILA;LA ARGENTINA
HUILA;LA PLATA
HUILA;NATAGA
HUILA;NEIVA
HUILA;OPORAPA
HUILA;PAICOL
HUILA;PALERMO
HUILA;PALESTINA
HUILA;PITAL
HUILA;PITALITO
HUILA;RIVERA
HUILA;SALADOBLANCO
HUILA;SAN AGUSTIN
HUILA;SANTA MARIA
HUILA;SUAZA
HUILA;TARQUI
HUILA;TELLO
HUILA;TENUEL
HUILA;TESALIA
HUILA;TIMANA
HUILA;VILLAVIEJA
HUILA;YAGUARA
LA GUAJIRA;BARRANCAS
LA GUAJIRA;EL MOLINO
LA GUAJIRA;FONSECA
LA GUAJIRA;MAICAO
LA GUAJIRA;MANAURE
LA GUAJIRA;RIOHACHA
LA GUAJIRA;SAN JUAN DEL CESAR
LA GUAJIRA;URIBIA
LA GUAJIRA;URUMITA
LA GUAJIRA;VILLANUEVA
MAGDALENA;ARACATACA
MAGDALENA;ARIGUANI
MAGDALENA;CERRO DE SAN ANTONIO
MAGDALENA;CHIVOLO
MAGDALENA;CIENAGA
MAGDALENA;EL BANCO
MAGDALENA;EL PIÐON
MAGDALENA;FUNDACION
MAGDALENA;GUAMAL
MAGDALENA;PIVIJAY
MAGDALENA;PLATO
MAGDALENA;PUEBLOVIEJO
MAGDALENA;REMOLINO
MAGDALENA;SAN SEBASTIAN DE BUENAVIS
MAGDALENA;SAN ZENON
MAGDALENA;SANTA ANA
MAGDALENA;SANTA MARTA
MAGDALENA;SITIONUEVO
MAGDALENA;TENERIFE
META;ACACIAS
META;BARRANCA DE UPIA
META;CABUYARO
META;CASTILLA LA NUEVA
META;CUBURRAL
META;CUMURAL
META;EL CALVARIO
META;EL CASTILLO
META;FUENTE DE ORO
META;GRANADA
META;GUAMAL
META;LA MACARENA
META;LA URIBE
META;LEJANIAS
META;MAPIRIPAN
META;MESETAS
META;PUERTO CONCORDIA
META;PUERTO GAITAN
META;PUERTO LLERAS
META;PUERTO LOPEZ
META;PUERTO RICO
META;RESTREPO
META;SAN CARLOS DE GARAGOA
META;SAN JUAN DE ARAMA
META;SAN JUANITO
META;SAN MARTIN
META;VILLAVICENCIO
META;VISTA HERMOSA
NARIÑO;ALBAN
NARIÑO;ALDANA
NARIÑO;ANCUYA
NARIÑO;ARBOLEDA
NARIÑO;BARBACOAS
NARIÑO;BELEN
NARIÑO;BUESACO
NARIÑO;CHACHAGUI
NARIÑO;COLON
NARIÑO;CONSACA
NARIÑO;CONTADERO
NARIÑO;CORDOBA
NARIÑO;CUASPUD
NARIÑO;CUMBAL
NARIÑO;CUMBITARA
NARIÑO;EL CHARCO
NARIÑO;EL ROSARIO
NARIÑO;EL TABLON
NARIÑO;EL TAMBO
NARIÑO;FUNES
NARIÑO;GUACHUCAL
NARIÑO;GUAITANILLA
NARIÑO;GUALMATAN
NARIÑO;ILES
NARIÑO;IMUES
NARIÑO;IPIALES
NARIÑO;LA CRUZ
NARIÑO;LA FLORIDA
NARIÑO;LA LLANADA
NARIÑO;LA TOLA
NARIÑO;LA UNION
NARIÑO;LEIVA
NARIÑO;LINARES
NARIÑO;LOS ANDES
NARIÑO;MAGUI
NARIÑO;MALLAMA
NARIÑO;MOSQUERA
NARIÑO;OLAYA HERRERA
NARIÑO;OSPINA
NARIÑO;PASTO
NARIÑO;PIZARRO
NARIÑO;POLICARPA
NARIÑO;POTOSI
NARIÑO;PROVIDENCIA
NARIÑO;PUERRES
NARIÑO;PUPIALES
NARIÑO;RICAURTE
NARIÑO;ROBERTO PAYAN
NARIÑO;SAMANIEGO
NARIÑO;SAN BERNARDO
NARIÑO;SAN LORENZO
NARIÑO;SAN PABLO
NARIÑO;SAN PEDRO DE CARTAGO
NARIÑO;SANDONA
NARIÑO;SANTA BARBARA
NARIÑO;SANTACRUZ
NARIÑO;SAPUYES
NARIÑO;TAMINANGO
NARIÑO;TANGUA
NARIÑO;TUMACO
NARIÑO;TUQUEMES
NARIÑO;YACUANQUER
NORTE DE SANTANDER;ABREGO
NORTE DE SANTANDER;ARBOLEDAS
NORTE DE SANTANDER;BOCHALEMA
NORTE DE SANTANDER;BUCARASICA
NORTE DE SANTANDER;CACHIRA
NORTE DE SANTANDER;CACOTA
NORTE DE SANTANDER;CHINACOTA
NORTE DE SANTANDER;CHITAGA
NORTE DE SANTANDER;CONVENCION
NORTE DE SANTANDER;CUCUTA
NORTE DE SANTANDER;CUCUTILLA
NORTE DE SANTANDER;DURANIA
NORTE DE SANTANDER;EL CARMEN
NORTE DE SANTANDER;EL TARRA
NORTE DE SANTANDER;EL ZULIA
NORTE DE SANTANDER;GRAMOLETE
NORTE DE SANTANDER;HACARI
NORTE DE SANTANDER;HERRAN
NORTE DE SANTANDER;LA PLAYA
NORTE DE SANTANDER;LABATECA
NORTE DE SANTANDER;LOS PATIOS
NORTE DE SANTANDER;LOURDES
NORTE DE SANTANDER;MUTISCUA
NORTE DE SANTANDER;OCAÑA
NORTE DE SANTANDER;PAMPLONA
NORTE DE SANTANDER;RAGONVALIA
NORTE DE SANTANDER;SALAZAR
NORTE DE SANTANDER;SAN CALIXTO
NORTE DE SANTANDER;SAN CAYETANO
NORTE DE SANTANDER;SANTIAGO
NORTE DE SANTANDER;SARDINATA
NORTE DE SANTANDER;SILOS
NORTE DE SANTANDER;TEORAMA
NORTE DE SANTANDER;TIBU
NORTE DE SANTANDER;TOLEDO
NORTE DE SANTANDER;VILLA CARO
NORTE DE SANTANDER;VILLA ROSARIO
PUTUMAYO;COLON
PUTUMAYO;MOCOA
PUTUMAYO;ORITO
PUTUMAYO;PUERTO ASIS
PUTUMAYO;PUERTO CAICEDO
PUTUMAYO;PUERTO GUZMAN
PUTUMAYO;PUERTO LEGUIZAMO
PUTUMAYO;SAN FRANCISCO
PUTUMAYO;SANTIAGO
PUTUMAYO;SIBUNDOY
PUTUMAYO;VALLE DE GUAMEZ
PUTUMAYO;VILLAGARZON
QUINDIO;ARMENIA
QUINDIO;BUENAVISTA
QUINDIO;CALARCA
QUINDIO;CIRCASIA
QUINDIO;CORDOBA
QUINDIO;FINLANDIA
QUINDIO;GENOVA
QUINDIO;LA TEBAIDA
QUINDIO;MONTENEGRO
QUINDIO;PIJAO
QUINDIO;QUIMBAYA
QUINDIO;SALENTO
RISARALDA;APIA
RISARALDA;BALBOA
RISARALDA;BELEN DE UMBRIA
RISARALDA;DOSQUEBRADAS
RISARALDA;GUATICA
RISARALDA;LA CELIA
RISARALDA;LA VIRGINIA
RISARALDA;MARSELLA
RISARALDA;MISTRATO
RISARALDA;PEREIRA
RISARALDA;PUEBLO RICO
RISARALDA;QUINCHIA
RISARALDA;SANTA ROSA DE CABAL
RISARALDA;SANTUARIO
SANTANDER;AGUADA
SANTANDER;ALBANIA
SANTANDER;AROTACA
SANTANDER;BARBOSA
SANTANDER;BARICHARA
SANTANDER;BARRANCABERMEJA
SANTANDER;BETULIA
SANTANDER;BOLIVAR
SANTANDER;BUCARAMANGA
SANTANDER;CABRERA
SANTANDER;CALIFORNIA
SANTANDER;CAPITANEJO
SANTANDER;CARCASI
SANTANDER;CEPITA
SANTANDER;CERRITO
SANTANDER;CHARALA
SANTANDER;CHARTA
SANTANDER;CHIMA
SANTANDER;CHIPATA
SANTANDER;CIMITARRA
SANTANDER;CONCEPCION
SANTANDER;CONFINES
SANTANDER;CONTRATACION
SANTANDER;COROMORO
SANTANDER;CURUTI
SANTANDER;EL CARMEN DE CHUCURI
SANTANDER;EL GUACAMAYO
SANTANDER;EL PEÑON
SANTANDER;EL PLAYON
SANTANDER;ENCINO
SANTANDER;ENCISO
SANTANDER;FLORIAN
SANTANDER;FLORIDABLANCA
SANTANDER;GALAN
SANTANDER;GAMBITA
SANTANDER;GIRON
SANTANDER;GUACA
SANTANDER;GUADALUPE
SANTANDER;GUAPOTA
SANTANDER;GUAVATA
SANTANDER;GUEPSA
SANTANDER;HATO
SANTANDER;JESUS MARIA
SANTANDER;JORDAN
SANTANDER;LA BELLEZA
SANTANDER;LA PAZ
SANTANDER;LANDAZURI
SANTANDER;LEBRIJA
SANTANDER;LOS SANTOS
SANTANDER;MACARAVITA
SANTANDER;MALAGA
SANTANDER;MATANZA
SANTANDER;MOGOLES
SANTANDER;MOLOGAVITA
SANTANDER;OCAMONTE
SANTANDER;OIBA
SANTANDER;ONZAGA
SANTANDER;PALMAR
SANTANDER;PALMSA DEL SOCORRO
SANTANDER;PARAMO
SANTANDER;PIEDECUESTA
SANTANDER;PINCHOTE
SANTANDER;PUENTE NACIONAL
SANTANDER;PUERTO PARRA
SANTANDER;PUERTO WILCHES
SANTANDER;RIONEGRO
SANTANDER;SABANA DE TORRES
SANTANDER;SAN ANDRES
SANTANDER;SAN BENITO
SANTANDER;SAN GIL
SANTANDER;SAN JOAQUIN
SANTANDER;SAN JOSE DE MIRANDA
SANTANDER;SAN MIGUEL
SANTANDER;SAN VICENTE DE CHUCURI
SANTANDER;SANTA BARBARA
SANTANDER;SANTA HELENA DEL OPON
SANTANDER;SIMACOTA
SANTANDER;SOCORRO
SANTANDER;SUAITA
SANTANDER;SUCRE
SANTANDER;SURATA
SANTANDER;TONA
SANTANDER;VALLE DE SAN JOSE
SANTANDER;VELEZ
SANTANDER;VETAS
SANTANDER;VILLANUEVA
SANTANDER;ZAPATOCA
SUCRE;BUENAVISTA
SUCRE;CAIMITO
SUCRE;CHALAN
SUCRE;COLOSO
SUCRE;COROZAL
SUCRE;GALERAS
SUCRE;GUARANDA
SUCRE;LA UNION DE SUCRE
SUCRE;LOS PALMITOS
SUCRE;MAJAGUAL
SUCRE;MORROA
SUCRE;OVEJAS
SUCRE;PALMITO
SUCRE;SAMPUES
SUCRE;SAN BENITO ABAD
SUCRE;SAN JUAN DE BETULIA
SUCRE;SAN MARCOS
SUCRE;SAN ONOFRE
SUCRE;SAN PEDRO
SUCRE;SINCE
SUCRE;SINCELEJO
SUCRE;SUCRE
SUCRE;TOLU
SUCRE;TOLUVIEJO
TOLIMA;ALPUJARRA
TOLIMA;ALVARADO
TOLIMA;AMBALEMA
TOLIMA;ANZOATEGUI
TOLIMA;ARMERO
TOLIMA;ATACO
TOLIMA;CAJAMARCA
TOLIMA;CARMEN DE APICALA
TOLIMA;CASABLANCA
TOLIMA;CHAPARRAL
TOLIMA;COELLO
TOLIMA;COYAIMA
TOLIMA;CUNDAY
TOLIMA;DOLORES
TOLIMA;ESPINAL
TOLIMA;FALAN
TOLIMA;FLANDES
TOLIMA;FRESNO
TOLIMA;GUAMO
TOLIMA;HERVEO
TOLIMA;HONDA
TOLIMA;IBAGUE
TOLIMA;ICONONZO
TOLIMA;LERIDA
TOLIMA;LIBANO
TOLIMA;MARIQUITA
TOLIMA;MELGAR
TOLIMA;MURILLO
TOLIMA;NATAGAIMA
TOLIMA;ORTEGA
TOLIMA;PIEDRAS
TOLIMA;PLANADAS
TOLIMA;PRADO
TOLIMA;PURIFICACION
TOLIMA;RIOBLANCO
TOLIMA;RONCESVALLES
TOLIMA;ROVIRA
TOLIMA;SALDAÑA
TOLIMA;SAN ANTONIO
TOLIMA;SAN LUIS
TOLIMA;SANTA ISABEL
TOLIMA;SUAREZ
TOLIMA;VALLE DE SAN JUAN
TOLIMA;VENADILLO
TOLIMA;VILLAHERMOSA
TOLIMA;VILLARRICA
VALLE DEL CAUCA;ALCALA
VALLE DEL CAUCA;ANDALUCIA
VALLE DEL CAUCA;ANSERMANUEVO
VALLE DEL CAUCA;ARGELIA
VALLE DEL CAUCA;BOLIVAR
VALLE DEL CAUCA;BUENAVENTURA
VALLE DEL CAUCA;BUGA
VALLE DEL CAUCA;BUGALAGRANDE
VALLE DEL CAUCA;CAICEDONIA
VALLE DEL CAUCA;CALI
VALLE DEL CAUCA;CALIMA
VALLE DEL CAUCA;CANDELARIA
VALLE DEL CAUCA;CARTAGO
VALLE DEL CAUCA;DAGUA
VALLE DEL CAUCA;EL AGUILA
VALLE DEL CAUCA;EL CAIRO
VALLE DEL CAUCA;EL CERRITO
VALLE DEL CAUCA;EL DOVIO
VALLE DEL CAUCA;FLORIDA
VALLE DEL CAUCA;GINEBRA
VALLE DEL CAUCA;GUACARI
VALLE DEL CAUCA;JAMUNDI
VALLE DEL CAUCA;LA CUMBRE
VALLE DEL CAUCA;LA UNION
VALLE DEL CAUCA;LA VICTORIA
VALLE DEL CAUCA;OBANDO
VALLE DEL CAUCA;PALMIRA
VALLE DEL CAUCA;PRADERA
VALLE DEL CAUCA;RESTREPO
VALLE DEL CAUCA;RIOFRIO
VALLE DEL CAUCA;ROLDANILLO
VALLE DEL CAUCA;SAN PEDRO
VALLE DEL CAUCA;SEVILLA
VALLE DEL CAUCA;TORO
VALLE DEL CAUCA;TRUJILLO
VALLE DEL CAUCA;TULUA
VALLE DEL CAUCA;ULLOA
VALLE DEL CAUCA;VERSALLES
VALLE DEL CAUCA;VIJES
VALLE DEL CAUCA;YOTOCO
VALLE DEL CAUCA;YUMBO
VALLE DEL CAUCA;ZARZAL
VAUPES;CARURU
VAUPES;MITU
VAUPES;PACOA
VAUPES;YARAVATE
VICHADA;LA PRIMAVERA
VICHADA;NUEVA ANTIOQUIA
VICHADA;PUERTO CARREÑO
VICHADA;SAN JOSE DE OCUNE
VICHADA;SANTA RITA
VICHADA;SANTA ROSALIA